pathway	NES	padj	size	pval	ES	nMoreExtreme	leadingEdge_genes
HALLMARK_ADIPOGENESIS	-2.001823511866154	5.438447649502926e-4	199	1.717327837884252e-4	-0.5402438539396889	0	FABP4;CD36;ITIH5;LEP;CAVIN2;ADIPOQ;LPL;CIDEA;GPAM;SORBS1;PPARG;GPX3;LIPE;ITGA7;ANGPTL4;ENPP2;LIFR;STAT5A;SNCG;CAT;ACADL;FZD4;CAVIN1;SPARCL1;ALDH2;MGLL;PHLDB1;BCL6;MYLK;PFKFB3;CYP4B1;COL15A1;LAMA4;ECH1;CD302;PLIN2;SLC27A1;RETSAT;ITSN1;C3;HADH;SCARB1;CDKN2C;ACADS;ANGPT1;PTGER3;ABCA1;PEMT;HSPB8;COL4A1;GBE1;ACAA2;PHYH;HIBCH;GPX4;CHCHD10;VEGFB;PGM1;GADD45A;STOM;ME1;IFNGR1;ARL4A;ADCY6;TANK;PEX14;ESYT1;SSPN;DECR1
HALLMARK_APICAL_JUNCTION	-1.738988564564845	5.438447649502926e-4	199	1.717327837884252e-4	-0.46931104490912523	0	ADAMTS5;ACTG2;CD209;CLDN11;CD34;FLNC;CLDN8;CX3CL1;CLDN5;MYL9;SORBS3;LIMA1;TRO;SDC3;SPEG;SLIT2;MMP2;COL17A1;VWF;NECTIN3;CALB2;JAM3;NRXN2;EPB41L2;EGFR;CADM3;SIRPA;MAP3K20;PARVA;ARHGEF6;ITGA9;PECAM1;CLDN19;HADH;CNTN1;RRAS;CD99;NLGN2;MYH10;GNAI1;ICAM2;CLDN18;ZYX;AMIGO1;NFASC;FBN1;ADAM23;LAMB3;AKT3;TMEM8B;NEGR1;TSPAN4;LAMA3;PTEN;MAPK11;ACTN1;SKAP2;RASA1;COL16A1;ITGB1;AMIGO2;TJP1;ICAM5;CDH3;SGCE;CADM2;TGFBI;ITGB4;LAYN;LAMC2;NEXN;BMP1;SHC1;TSC1;STX4;SLC30A3;VCAM1;CDH6;ADRA1B;DSC3;IRS1
HALLMARK_COAGULATION	-1.851000205750986	5.438447649502926e-4	137	1.774622892635315e-4	-0.5222891281180168	0	CFD;SERPING1;RAPGEF3;TF;GSN;F8;MAFF;CAPN5;PROS1;MASP2;MMP2;C1R;VWF;DUSP6;LRP1;FYN;CSRP1;ACOX2;DPP4;ANXA1;PECAM1;GP1BA;CLU;C3;C1S;CFI;GNG12;CFH;CASP9;HMGCS2;THBD;A2M;CPQ;S100A1;F10;HTRA1;FBN1;TIMP3;USP11;F3;RGN;PLAT;DCT;SIRT2;ISCU;KLK8;LGMN;CTSO;MMP7;ITGB3;BMP1;ANG
HALLMARK_DNA_REPAIR	1.8945257524064743	5.438447649502926e-4	150	2.332089552238806e-4	0.5110928904131776	0	ZWINT;CANT1;HPRT1;POLA2;RFC2;TYMS;PCNA;ARL6IP1;POLD1;POLB;RAE1;NT5C3A;GTF2A2;RPA3;CETN2;TAF12;FEN1;TMED2;RRM2B;CSTF3;ALYREF;TARBP2;SEC61A1;NME1;TAF13;STX3;TAF6;RFC5;ADRM1;CCNO;POLH;POLR2K;RAD51;SSRP1;RFC3;ZNF707;RFC4;POLD3;POLR1C;CMPK2;RBX1;UPF3B;NELFCD;ERCC4;ERCC2;SNAPC5;SAC3D1;NME3;DGUOK;TSG101;UMPS;CLP1;POLA1;POLR1H;ITPA;RALA;SUPT4H1;POLR2H;VPS28;MPC2;NCBP2;PRIM1;POLD4;RPA2;NELFE;GTF2H1;COX17;LIG1;NME4;GTF2H3
HALLMARK_E2F_TARGETS	2.8427054126384528	5.438447649502926e-4	200	2.382654276864427e-4	0.7400096901580843	0	SPAG5;BIRC5;DEPDC1;CDK1;TOP2A;CIT;ATAD2;MTHFD2;CDCA8;KPNA2;TK1;JPT1;HMMR;DLGAP5;EZH2;SMC4;KIF2C;ORC6;SRSF2;CKS2;CDKN3;RACGAP1;KIF4A;BUB1B;PTTG1;MCM4;H2AX;HMGB3;RRM2;GINS1;KIF18B;SPC24;MKI67;POLA2;TIMELESS;MELK;RFC2;PLK1;CENPE;IPO7;H2AZ1;RAD21;MCM2;CDCA3;CHEK1;RAD51AP1;BRCA2;ASF1B;LMNB1;BARD1;CSE1L;MAD2L1;UBE2S;ESPL1;DCTPP1;TMPO;TIPIN;AURKA;CDC20;SPC25;HMGA1;PAICS;PCNA;RAD1;AURKB;POLD1;TACC3;PRKDC;SLBP;TRIP13;XPO1;MYBL2;SRSF1;CDC25A;RPA3;MCM3;HMGB2;PLK4;PRIM2;RNASEH2A;CTPS1;GSPT1;WDR90;UBE2T;GINS4;AK2;PMS2;NME1;NCAPD2;HELLS;STMN1;NOLC1;KIF22;E2F8;DNMT1;BRCA1;MMS22L;RAN;SNRPB;NUP205;CCP110;TFRC;CENPM;SMC3;TUBG1;POLE;USP1;SSRP1;RFC3;TCF19;GINS3;RBBP7;MCM7;UBR7;POLD3;DCK;DDX39A;TBRG4;CHEK2;CCNB2;CNOT9;MCM6;NBN;DIAPH3;ANP32E;DEK;PRDX4;ASF1A;POLD2;SMC6;EIF2S1
HALLMARK_EPITHELIAL_MESENCHYMAL_TRANSITION	-2.037494379935087	5.438447649502926e-4	200	1.722652885443583e-4	-0.549757292243753	0	MATN2;ABI3BP;PCOLCE2;TPM2;OXTR;SLIT3;TGFBR3;FBLN5;FGF2;SFRP1;CXCL12;FMOD;MYL9;DST;PDLIM4;DCN;FSTL1;LAMA1;MEST;LAMA2;TAGLN;SLIT2;MMP2;MYLK;JUN;ANPEP;FBLN1;FERMT2;LRP1;NT5E;VIM;IGFBP4;FBLN2;MFAP5;ACTA2;PTX3;LAMC1;GAS1;DAB2;PMP22;SGCG;IL6;COL4A2;ELN;SNAI2;PDGFRB;RHOB;NNMT;ECM2;GADD45B;CCN1;PCOLCE;SFRP4;PRRX1;CALD1;COL5A3;MSX1;COL4A1;HTRA1;IGFBP3;NID2;FBN1;TIMP3;CD59;COL6A2;DPYSL3;FSTL3;CXCL1;GADD45A;SGCB;SGCD;EFEMP2;NOTCH2;TNC;LAMA3;EMP3;PVR;COL7A1;ADAM12;COL16A1;ITGB1;ITGA5;LOX;TGFBI;WIPF1;LAMC2;ITGB3;BMP1;CXCL6;SNTB1;COL6A3;TPM1;VCAM1;CDH6;GEM;LOXL2;MGP
HALLMARK_G2M_CHECKPOINT	2.566183758211519	5.438447649502926e-4	200	2.382654276864427e-4	0.6680259021423749	0	BIRC5;CDK1;TOP2A;KPNA2;NEK2;JPT1;NSD2;HMMR;NDC80;KIF11;EZH2;SMC4;KIF2C;SLC38A1;POLQ;ORC6;SRSF2;CKS2;CDKN3;TTK;RACGAP1;BUB3;CENPF;SQLE;KIF4A;PTTG1;TPX2;KNL1;H2AX;KIF15;HMGB3;MKI67;POLA2;KIF23;PLK1;BUB1;CENPE;CCNF;E2F1;H2AZ1;RAD21;MCM2;CHEK1;E2F2;BRCA2;TROAP;HSPA8;NUSAP1;LMNB1;BARD1;MAD2L1;UBE2C;UBE2S;ESPL1;SMC2;TMPO;CUL4A;CDC45;TFDP1;AURKA;CDC20;HMGA1;KIF5B;CDC6;AURKB;TACC3;XPO1;MYBL2;SRSF1;CDC25A;STIL;SLC7A5;CENPA;DBF4;NUP50;MCM3;EXO1;PLK4;PRIM2;PBK;CCNA2;GINS2;GSPT1;TLE3;STMN1;NOLC1;SMARCC1;KIF22;TRAIP;HIF1A;CCND1;INCENP;POLE;H2BC12;HNRNPU;DKC1;FBXO5;DTYMK;PRMT5;SLC7A1;DDX39A;E2F3;G3BP1;CCNB2;TOP1;RAD54L;H2AZ2;MCM6;HMGN2;SNRPD1;HOXC10;RBL1;KIF20B;CHAF1A;SAP30;SMC1A;ODF2;CKS1B;CDC7;RBM14;RAD23B;CBX1;FANCC;SS18;ATF5;PRC1;KPNB1;DR1;ORC5;CDC27;AMD1;MARCKS;SUV39H1;KATNA1;RPA2;CASP8AP2;MAPK14;TENT4A;LBR
HALLMARK_GLYCOLYSIS	1.7713907715485082	5.438447649502926e-4	199	2.3929169657812874e-4	0.46163996249291994	0	DEPDC1;P4HA1;CDK1;HMMR;POLR3K;FKBP4;TPBG;GOT2;SLC37A4;PAXIP1;BPNT1;PGK1;SRD5A3;ARTN;ME2;PGM2;AURKA;ELF3;SDC1;KIF20A;TXN;PKM;GFUS;CENPA;COPB2;CLN6;TPI1;CLDN9;EGLN3;HSPA5;ALDOA;GALE;FAM162A;B4GALT4;AKR1A1;IER3;STMN1;CHST6;COG2;ERO1A;GMPPB;RARS1;GPC1;GOT1;B3GALT6;SLC25A10;SLC25A13;NANP;AGRN;MDH2;PMM2;GMPPA;EFNA3;SPAG4;PPIA;SDHC;GLCE;CHPF2;STC1;ALG1;CXCR4;G6PD;LDHA;CLDN3;BIK;HAX1;MED24;CHPF;DSC2;ALDOB;RPE;ISG20;CASP6;KIF2A;SAP30;GFPT1;PSMC4;SOD1;GALK1;GUSB;FBP2;IL13RA1;NSDHL;ARPP19;SLC35A3;RBCK1;PGLS;PGAM1;ENO2;PLOD2;PPFIA4;HS2ST1
HALLMARK_HYPOXIA	-1.6827784143070732	5.438447649502926e-4	198	1.7176228100309173e-4	-0.4544419778539037	0	SRPX;GPC3;PCK1;CAV1;ANGPTL4;AKAP12;CDKN1C;CAVIN1;DCN;ADM;SDC3;ZFP36;MAFF;NR3C1;PFKFB3;JUN;PPARGC1A;EGFR;DUSP1;PPP1R15A;PLIN2;UGP2;PNRC1;MXI1;ERRFI1;MT1E;NFIL3;SCARB1;FOS;CHST3;IL6;RORA;MT2A;CCN1;S100A4;ALDOC;BTG1;PIM1;GBE1;IGFBP3;PAM;FOXO3;LARGE1;PYGM;PGM1;HAS1;CSRP2;ACKR3;F3;CHST2;TIPARP;RRAGD;STBD1;SLC2A3;IRS2;KLF6;SDC2;IGFBP1;BNIP3L;PKP1;CAVIN3;VLDLR;WSB1;AK4;CCN5;SELENBP1;FOSL2;PRKCA;CDKN1A;KIF5A;LOX;NDST1;TGFBI;LALBA;HS3ST1;SLC25A1;DPYSL4;RBPJ
HALLMARK_KRAS_SIGNALING_UP	-1.8331621780796312	5.438447649502926e-4	200	1.722652885443583e-4	-0.4946243215143622	0	PIGR;RBP4;RELN;CIDEA;G0S2;KLF4;ANGPTL4;AKAP12;IGF2;IL33;APOD;ALDH1A2;SPRY2;TFPI;TMEM100;SPARCL1;GYPC;ADGRA2;SLPI;CPE;BMP2;CCND2;FLT4;TSPAN7;DUSP6;ADGRL4;GNG11;PTGS2;PPP1R15A;ABCB1;DNMBP;EMP1;F13A1;PECAM1;MMD;CAB39L;CFH;NRP1;SPON1;PLVAP;SCN1B;ENG;TNFRSF1B;SATB1;ALDH1A3;ETV5;PRRX1;CD37;HDAC9;GPRC5B;MTMR10;IGFBP3;GUCY1A1;DCBLD2;GFPT2;PLAT;ETV1;NGF;VWA5A;EVI5;PTBP2;CDADC1;EPB41L3;FGF9;TMEM176A;TMEM176B;HSD11B1
HALLMARK_MITOTIC_SPINDLE	1.7543642331285396	5.438447649502926e-4	198	2.3923444976076556e-4	0.4574585142575056	0	BIRC5;CDK1;ECT2;ANLN;TOP2A;NEK2;EZR;NDC80;DLGAP5;KIF11;SMC4;KIF2C;TTK;RACGAP1;CENPF;KIF3B;KIF4A;TPX2;KIF15;KIF23;PLK1;BUB1;ARFGEF1;CENPE;MAPRE1;KNTC1;BRCA2;TUBGCP3;NUSAP1;LMNB1;CD2AP;ESPL1;AURKA;KIF5B;CKAP5;SEPTIN9;WASL;DLG1;RANBP9;TUBD1;FLNB;KIF22;CEP250;CTTN;FARP1;INCENP;SMC3;ARF6;STK38L;PIF1;TIAM1;FBXO5;LRPPRC;PPP4R2;SHROOM2;CCNB2;FGD6;SAC3D1;STAU1;CEP72;KIF20B;TBCD;CEP192;SMC1A;RALBP1;ABI1;ARL8A;CYTH2;KIF3C;SASS6;DYNLL2;TLK1;PRC1;RHOT2;CDC27;PALLD;BCL2L11;MARCKS;ARHGDIA;KATNA1
HALLMARK_MTORC1_SIGNALING	2.3620438123901186	5.438447649502926e-4	200	2.382654276864427e-4	0.614884434375593	0	PRDX1;P4HA1;CD9;MTHFD2;SERP1;SQLE;TRIB3;MCM4;EPRS1;HPRT1;RRM2;SLC37A4;PLK1;BUB1;EDEM1;PGK1;CCNF;MCM2;CCT6A;SLC2A1;RIT1;NHERF1;DHCR7;AURKA;PSMD14;GMPS;HMBS;STIP1;UCHL5;SLC1A4;HMGCS1;RPN1;CDC25A;SLC7A5;CANX;FADS2;CALR;COPS5;SDF2L1;SORD;IDI1;TXNRD1;DHCR24;TPI1;SRD5A1;HSPE1;EGLN3;SLC7A11;PSMD12;HSPA5;CACYBP;ALDOA;GSK3B;TBK1;PSMA4;TCEA1;ACTR3;IMMT;ACTR2;ERO1A;GSR;PSME3;ATP5MC1;NUP205;TFRC;GOT1;HMGCR;TMEM97;HSPA4;TUBG1;PSMC2;SLC6A6;ASNS;YKT6;GAPDH;HSP90B1;HSPA9;HSPD1;ACACA;PSPH;DDX39A;PPIA;NUFIP1;EIF2S2;STC1;M6PR;CXCR4;G6PD;LDHA;RRP9;STARD4;ABCF2;ATP6V1D;RDH11;XBP1;PSMA3;SSR1;SHMT2;PSMB5;SLA;PSMG1;PSMC4;SEC11A;PDAP1;ACLY;EBP;MLLT11;SQSTM1;TOMM40;PSMC6;POLR3G;ARPC5L;RAB1A
HALLMARK_MYC_TARGETS_V1	2.6117305119201775	5.438447649502926e-4	200	2.382654276864427e-4	0.6798825788665268	0	KPNA2;VBP1;GLO1;SRSF2;BUB3;MCM4;SRPK1;CCT3;EPRS1;HPRT1;HDGF;GOT2;CCT2;PGK1;FAM120A;H2AZ1;MCM2;IARS1;MAD2L1;CDC45;TFDP1;CDC20;PSMD14;UBE2E1;TYMS;PCNA;HSP90AB1;PTGES3;XPO1;SRSF1;PSMD3;SET;CANX;GNL3;COPS5;SNRPA1;TXNL4A;RPS10;CCNA2;HSPE1;CTPS1;CBX3;GSPT1;EIF4G2;ILF2;PSMA6;PSMA4;NME1;NDUFAB1;RNPS1;PSMA7;HDAC2;NOLC1;VDAC1;SMARCC1;SNRPG;XPOT;RUVBL2;RAN;PPM1G;CDK2;VDAC3;USP1;RRM1;AIMP2;CCT5;LSM2;COX5A;RFC4;CYC1;HNRNPU;PRPS2;TRIM28;HSPD1;MCM7;G3BP1;POLE3;PPIA;EIF4E;HNRNPA1;EIF2S2;CSTF2;MCM6;TOMM70;PSMB3;ABCE1;LDHA;SNRPD1;RRP9;EIF3J;DEK;PABPC1;PSMB2;PRDX4;NPM1;POLD2;ACP1;EIF1AX;STARD7;HNRNPR;CLNS1A;LSM7;HNRNPC;EIF2S1;TUFM;CAD;SRSF3;SSBP1;ERH;MRPL9;DDX18;NHP2;PSMC4;NOP56;RAD23B;SSB;CCT4;HNRNPA2B1;KPNB1;NCBP2;PSMD7;PSMC6;YWHAQ;PSMD1;PWP1;TCP1;PRDX3;PHB1;PSMA2
HALLMARK_MYC_TARGETS_V2	1.858610283478284	5.438447649502926e-4	58	2.1748586341887777e-4	0.5782602429821001	0	MCM4;PLK1;TFB2M;DCTPP1;FARSA;GNL3;SORD;PLK4;HSPE1;CBX3;PRMT3;NOLC1;TMEM97;AIMP2;HSPD1;TBRG4;MPHOSPH10;SLC29A2;PUS1;RRP9;NPM1;NIP7;MRTO4;DDX18;NOP56;NOC4L;EXOSC5;PHB1;CDK4;SRM;PA2G4;IMP4;MCM5
HALLMARK_MYOGENESIS	-2.335513441849063	5.438447649502926e-4	199	1.717327837884252e-4	-0.6302987127852498	0	CFD;CD36;FHL1;MYH11;SORBS1;GPX3;DMD;CRYAB;TPM2;ITGA7;APOD;SOD3;LSP1;GSN;FGF2;IGF1;DES;BIN1;PTGIS;SORBS3;SPEG;LAMA2;MYOM1;MRAS;TAGLN;MYLK;TNNT3;PRNP;COL15A1;SMTN;COX7A1;NCAM1;CASQ2;ABLIM1;SGCA;FXYD1;CLU;LDB3;ACSL1;MAPRE3;GNAO1;SGCG;COL4A2;PC;FOXO4;DENND2B;GADD45B;VIPR1;PKIA;NAV2;MYH3;RYR1;HSPB8;SCHIP1;SVIL;LPIN1;IGFBP3;MEF2C;TNNI2;LARGE1;WWTR1;PYGM;COL6A2;MYOZ1;SPTAN1;SGCD;MYL3;MYH4;FST;MYH1;APP;DAPK2;MYO1C;CTF1;SIRT2;EFS;ADAM12;HRC;APLNR;NOS1;SSPN;ITGB1;MAPK12;CDKN1A;SCD;FABP3;DMPK;HDAC5;KLF5;ITGB4;MYOM2;NOTCH1;MYH2;MYH8;HBEGF;COL6A3;REEP1;IGFBP7;KIFC3
HALLMARK_OXIDATIVE_PHOSPHORYLATION	1.769034752605124	5.438447649502926e-4	199	2.3929169657812874e-4	0.4610259633041889	0	IDH2;NDUFB4;COX6C;GOT2;ATP6V1G1;ECI1;ATP6V0B;ATP6V1H;HSD17B10;MRPL15;FH;TIMM17A;PMPCA;GRPEL1;NDUFS8;MRPS30;COX8A;ATP6AP1;ATP5PD;ATP5F1C;MRPS12;NDUFB6;NDUFAB1;VDAC1;SLC25A5;IMMT;NDUFB2;COX11;ATP6V1C1;ATP1B1;ATP5MC1;NDUFC2;ATP6V0E1;VDAC3;MTRR;COX5A;CYC1;MDH2;HSPA9;NDUFA1;MRPS15;LRPPRC;SDHC;TOMM70;LDHA;NDUFB1;UQCRB;IDH3G;ATP5F1E;ATP6V1D;ATP5F1A;BAX;AIFM1;NDUFA8;ATP5PB;PDP1;UQCR10;OPA1;ATP5MF;COX7A2;VDAC2;COX7A2L;MTRF1;DLAT;NDUFS6;MRPL35;OAT;NDUFA5;NDUFA3;NQO2;RHOT2;UQCR11;SDHA;SDHB;NDUFV2;UQCRC1;ATP6V1F;UQCRQ;HTRA2;TIMM10;COX17;PRDX3;NDUFS2;CYCS;TCIRG1;NDUFB3;MRPL11;POR;TIMM8B;ATP5ME;ATP5MC3;MRPS22;ATP5PO;HCCS;SLC25A3;NDUFA2;TIMM9;SURF1;COX10;ATP5MC2;NDUFC1;ATP5F1B;RHOT1;COX6B1;IDH3A;ACAA1;MRPS11;UQCRC2;NDUFS3;CASP7
HALLMARK_PI3K_AKT_MTOR_SIGNALING	1.6778019024886395	5.438447649502926e-4	105	2.247696111485727e-4	0.47339016552399227	0	CDK1;TRIB3;GRB2;E2F1;SLC2A1;RIT1;ARPC3;CLTC;TRAF2;MAPK9;PPP1CA;ARF1;CALR;VAV3;YWHAB;PAK4;GSK3B;CFL1;TBK1;ACTR3;ACTR2;CDK2;IRAK4;RAC1;TIAM1;HSP90B1;RPS6KA1;ACACA;EIF4E;PRKAG1;CXCR4;PFN1;UBE2N;HRAS;AKT1;MYD88;AP2M1;SLA;MAP3K7;PIN1;SQSTM1;CAB39;PLA2G12A;ARHGDIA;ATF1;DAPP1;MAPK1;GRK2;CDK4
HALLMARK_PROTEIN_SECRETION	1.7656824342653008	5.438447649502926e-4	96	2.2306491188935982e-4	0.5049772830261042	0	TPD52;NAPG;TOM1L1;TMX1;ARFGEF1;CLTC;SCAMP3;ATP6V1H;AP2B1;COPB2;ARF1;ARFGEF2;KRT18;TMED2;RAB2A;STAM;COG2;VAMP7;RAB14;CLCN3;COPE;PPT1;YKT6;ERGIC3;LAMP2;M6PR;VPS4B;ANP32E;LMAN1;TSG101;ARFIP1;AP2S1;AP2M1;SOD1;RAB22A;VPS45;COPB1;SCAMP1;TMED10;YIPF6;GOLGA4;MAPK1;GLA;ICA1;SNAP23;CLTA;GNAS;GOSR2
HALLMARK_TNFA_SIGNALING_VIA_NFKB	-1.819752970924008	5.438447649502926e-4	199	1.717327837884252e-4	-0.4911074090211392	0	G0S2;CXCL2;KLF4;PER1;STAT5A;PLPP3;ZFP36;MAFF;BMP2;FOSB;KLF9;BCL6;PFKFB3;JUN;EGR1;RCAN1;PTGS2;SOCS3;DUSP1;PPP1R15A;KLF2;PTX3;MYC;PNRC1;KDM6B;CEBPD;NFIL3;FOS;IL6;TRIP10;RHOB;NFAT5;CFLAR;GADD45B;PTGER4;ABCA1;NR4A3;CCN1;BTG1;SNN;ETS2;EGR2;EIF1;SPSB1;DNAJB4;JUNB;ACKR3;CSF1;CXCL1;F3;EGR3;LAMB3;GFPT2;GADD45A;MCL1;TIPARP;CXCL3;IL15RA;SLC2A3;NAMPT;IRS2;KLF6;EDN1;SMAD3;BTG2;ATP2B1;PDE4B;CCL2;TNC;CCNL1;PHLDA1;KLF10;TNFAIP2;TANK;IL6ST;FOSL2;CDKN1A;BTG3;NR4A1;MAP2K3
HALLMARK_UNFOLDED_PROTEIN_RESPONSE	2.0635486922095683	5.438447649502926e-4	113	2.2578460149017836e-4	0.5770974363787313	0	MTHFD2;SERP1;DNAJA4;H2AX;YWHAZ;EDEM1;ALDH18A1;IARS1;TARS1;LSM4;KIF5B;YIF1A;CNOT6;SLC1A4;SLC7A5;SRPRB;EIF4A3;HYOU1;CALR;PDIA6;HSPA5;BANF1;NOLC1;ERO1A;DNAJB9;XPOT;EXOSC1;SLC30A5;ASNS;SPCS3;EXOSC4;HSP90B1;HSPA9;DKC1;SDAD1;ARFGAP1;EIF4E;PARN;RRP9;SPCS1;NPM1;DCP2;XBP1;PAIP1;SSR1;EIF2S1;NFYA;FUS;CNOT2;KHSRP;NHP2;CKS1B;NOP56;SEC11A;FKBP14;ATF6;DNAJC3;EXOSC5;EXOC2;PDIA5;POP4;WIPI1;EIF4G1
HALLMARK_UV_RESPONSE_DN	-2.1148167313361235	5.438447649502926e-4	143	1.7711654268508679e-4	-0.593629956115175	0	PPARG;CAV1;TGFBR3;PLPP3;TFPI;LPAR1;FBLN5;PTGFR;EFEMP1;PTPN21;RBPMS;KIT;TGFBR2;KALRN;MGLL;NR3C1;PRKAR2B;GRK5;SYNE1;IGFBP5;PRKCE;DUSP1;FYN;DLC1;ADD3;LAMC1;CELF2;MYC;MMP16;ACVR2A;RND3;DAB2;ADGRL2;MT1E;PMP22;CDON;MAP1B;HAS2;SNAI2;PDGFRB;NRP1;ID1;NFIB;CCN1;MAGI2;SCHIP1;PTPRM;F3;AKT3;SMAD3;NOTCH2;MGMT;ATP2B1;PRDM2;SDC2;PTEN;MET;VLDLR;PEX14;ATP2B4;MAP2K5;TJP1;PRKCA;NR1D2;APBB2;FHL2;YTHDC1;ITGB3;ADORA2B;LTBP1;CITED2;IRS1;SIPA1L1
HALLMARK_XENOBIOTIC_METABOLISM	-1.654699479622171	5.438447649502926e-4	199	1.717327837884252e-4	-0.4465634551118461	0	CD36;RBP4;ATOH8;CDO1;PTGDS;NDRG2;CES1;PDK4;AOX1;GABARAPL1;CAT;MAOA;IGF1;ABCD2;ALDH2;ADH1C;PROS1;CSAD;FBLN1;ECH1;IGFBP4;ETFDH;IL1R1;ENPEP;EPHA2;ACOX2;RETSAT;AKR1C3;PC;MT2A;FMO1;TAT;SLC12A4;AKR1C2;PEMT;FMO3;LCAT;ABHD6;F10;ETS2;TPST1;TTPA;GSTM4;MAN1A1;ALDH9A1;PTGES;IGFBP1;TNFRSF1A;ACSM1;ITIH4;TMEM176B;HSD11B1;ARG1;GCKR;SMOX;EPHX1;CYB5A;AP4B1;MPP2;PINK1;XDH
HALLMARK_INTERFERON_ALPHA_RESPONSE	1.6361795829883454	0.0014550957453000406	97	6.693440428380187e-4	0.46731446029620216	2	RNF31;ADAR;CXCL10;DDX60;PARP9;BATF2;RSAD2;PSME1;PARP12;TRIM14;TAP1;IFIH1;TDRD7;OASL;ISG15;B2M;CXCL11;PARP14;PSME2;RIPK2;SAMD9;TRIM25;OAS1;UBE2L6;CMPK2;TRAFD1;PNPT1;IFI44L;PSMA3;ISG20;CASP8;IRF9;PSMB9;IFI27;SAMD9L;PSMB8;IFIT2;USP18;RTP4;LAMP3;IFI44;WARS1;MX1;HLA-C;MOV10
HALLMARK_FATTY_ACID_METABOLISM	-1.5060567066542387	0.0021860790486183984	158	0.001049317943336831	-0.4172497485320561	5	GPD1;CD36;AQP7;CIDEA;G0S2;AOC3;INMT;GABARAPL1;CA4;ACADL;MAOA;ALDH1A1;ADH1C;MGLL;ECH1;ETFDH;RETSAT;ACSL4;HADH;MLYCD;PTPRG;ACSL1;ALDH3A2;ACSL5;ACSM3;ACADVL;ACADS;FMO1;HSD17B11;HMGCS2;CYP4A11;SERINC1;PPARA;CA6;ACAA2;HIBCH;UROD;ALDH9A1;ME1;EHHADH;CD1D
HALLMARK_SPERMATOGENESIS	1.518977555931952	0.0022655188038060714	131	0.0011327594019030357	0.4159319621972761	4	CDK1;NEK2;EZH2;KIF2C;CDKN3;TTK;PHKG2;COIL;BUB1;MAP7;CLPB;IDE;NCAPH;AURKA;GRM8;STRBP;DBF4;TOPBP1;CHFR;HSPA2;CLGN;VDAC3;GMCL1;RFC4;TSN;GAD1;CCNB2;PCSK1N;MLLT10;PGS1;STAM2;PSMG1;TEKT2;PCSK4;CNIH2;ACRV1;TALDO1;MTOR;GFI1;HSPA4L;OAZ3;HSPA1L
HALLMARK_IL2_STAT5_SIGNALING	-1.4887277780602348	0.0029722981809535134	199	0.0015455950540958269	-0.4017716984133947	8	ITIH5;PLAGL1;CDKN1C;GABARAPL1;MAFF;BMP2;CCND2;SH3BGRL2;PTH1R;PENK;SHE;PLPP1;PRNP;NT5E;SOCS2;DHRS3;ABCB1;PLIN2;CD81;EMP1;GLIPR2;SELP;MYC;NFIL3;MAP6;WLS;RHOB;RORA;NRP1;SCN9A;GADD45B;TNFRSF21;IRF4;TNFRSF1B;AHNAK;IFITM3;PIM1;S100A1;FGL2;GPX4;COL6A1;CSF1;TNFRSF8;IL3RA;IL1RL1;PTCH1;RRAGD;SLC2A3;KLF6;EEF1AKMT1;IFNGR1;AHR;PHLDA1;ARL4A;CD79B;MYO1C;SMPDL3A;IL4R;CAPN3
HALLMARK_KRAS_SIGNALING_DN	-1.48171071492297	0.0031900979360066353	200	0.0017226528854435831	-0.39979559136283815	9	CNTFR;SOX10;CLDN8;ZBTB16;PTGFR;KLK7;SLC16A7;KRT5;PRKN;THRB;TCF7L1;GP1BA;SYNPO;EGF;KRT15;SELENOP;DCC;RYR1;SHOX2;NTF3;COPZ2;SNN;KCNMB1;SLC25A23;KCND1;TFAP2B;RYR2;C5;SLC6A14;TENM2;CHST2;MYOT;NRIP2;PDK2;COQ8A;EDN1;BTG2;CD40LG;IL5;ADRA2C;PKP1;NOS1;KLK8;MACROH2A2;ITIH3;MFSD6;PAX3;P2RY4;YBX2
HALLMARK_BILE_ACID_METABOLISM	-1.551388818764851	0.0031996314024624363	111	0.0017917935853789643	-0.4497573302288239	9	LIPE;ABCA8;ABCA6;ABCA9;CAT;SLCO1A2;ABCD2;ALDH1A1;NR3C2;BMP6;CYP46A1;RETSAT;ABCA5;CYP8B1;MLYCD;SLC23A2;SOAT2;ACSL1;ACSL5;LONP2;ABCA1;HSD17B11;PECR;CH25H;PHYH;CYP7B1
HALLMARK_COMPLEMENT	-1.451944401763224	0.003849183084912979	199	0.002232526189249528	-0.39184475287907744	12	CD36;KCNIP2;SERPING1;F8;MAFF;CR1;C1R;DUSP6;C4BPB;LRP1;FYN;CSRP1;LTF;NOTCH4;KLK1;DPP4;GP1BA;TIMP2;CLU;C3;C1S;LGALS3;CASP10;IL6;COL4A2;GNG2;CPM;CFH;ZFPM2;CASP9;PLA2G4A;CPQ;PIM1;F10;L3MBTL4;SH2B3;DGKG;ZEB1;FCN1;CD59;CXCL1;F3;FDX1;PLAT;ME1;CASP4;CD40LG;DOCK9;CBLB;APOBEC3F;ADRA2B;LGMN;CTSO
HALLMARK_ESTROGEN_RESPONSE_LATE	1.4141921555080277	0.004368199507584783	200	0.0026209197045508697	0.3681408190130284	10	LLGL2;TSPAN13;CD9;TOP2A;SIAH2;IDH2;PKP3;FKBP4;TPBG;HPRT1;KRT19;COX6C;ABHD2;OPN3;EEIG1;NHERF1;FRK;DHCR7;MAPK13;CDC20;CDC6;KIF20A;GFUS;ST14;SLC1A4;RAB31;TJP3;TOB1;CA12;EMP2;STIL;CELSR2;RET;SLC7A5;CDH1;FGFR3;SORD;PLK4;GINS2;RNASEH2A;LSR;GALE;FLNB;PRLR;CCND1;FARP1;ABCA3;PTPN6;SNX10;TIAM1;MYB;ALDH3B1;OVOL2;DCXR;RAPGEFL1;SERPINA1;BAG1;AGR2;XBP1;ISG20;MICB;SLC27A2;PPIF;DNAJC12
HALLMARK_ESTROGEN_RESPONSE_EARLY	1.40069030204246	0.0053801870767906405	200	0.0033357159876101976	0.3646260325862699	13	SIAH2;CANT1;FKBP4;CELSR1;TPBG;PMAIP1;ISG20L2;KRT19;ABHD2;NADSYN1;OPN3;EEIG1;SLC2A1;MYBL1;NHERF1;FRK;SLC37A1;DHCR7;UNC119;ELF3;MREG;ESRP2;SLC1A4;RAB31;TJP3;TOB1;SLC39A6;CA12;CELSR2;RET;SLC7A5;TBC1D30;KRT18;TTC39A;UGCG;KRT8;FLNB;CCND1;FARP1;ABCA3;CLDN7;TIAM1;MYB;ALDH3B1;OVOL2;SNX24;RAPGEFL1;MUC1;WWC1;BAG1;RAB17;IGF1R;KDM4B;MED24;XBP1;P2RY2;MICB;SLC27A2;PPIF;ZNF185;ELOVL2;ASB13;DHRS2;ABAT;MLPH;RHOD
HALLMARK_APOPTOSIS	-1.367806743728964	0.019888840453356583	160	0.012728857890148213	-0.3781703559793329	72	GPX3;CAV1;TGFBR3;GSN;DCN;BMP2;CCND2;MMP2;TXNIP;AVPR1A;JUN;IGFBP6;EMP1;RETSAT;ANXA1;TIMP2;CLU;LGALS3;HGF;IL6;DPYD;FEZ1;PDGFRB;RHOB;PLPPR4;CASP9;CFLAR;GADD45B;SATB1;IFITM3;NEDD9;GPX4;ADD1;TIMP3;EGR3;GADD45A;MCL1;SPTAN1;PLAT;CREBBP;BTG2;CASP4;MGMT;IFNGR1;APP;BNIP3L;LMNA
HALLMARK_INTERFERON_GAMMA_RESPONSE	1.310581509004987	0.023566606481179347	199	0.015553960277578369	0.34154902937203696	64	MTHFD2;RNF31;ADAR;STAT1;CXCL10;BPGM;VAMP8;DDX60;BATF2;TAPBP;RSAD2;CASP3;PSME1;OAS3;PARP12;TRIM14;OAS2;TAP1;CXCL9;FCGR1A;IFIH1;HIF1A;RNF213;TDRD7;PTPN6;PTPN1;OASL;ISG15;B2M;CXCL11;PARP14;PSME2;RIPK2;TRIM25;TOR1B;MARCHF1;UBE2L6;CMPK2;CD274;IRF5;ISOC1;TRAFD1;HLA-DQA1;NUP93;PSMB2;IDO1;RIGI;PNPT1;GCH1;IFI44L;PSMA3;ISG20;MYD88;IL2RB;HLA-B;CASP8;IRF9;PSMB9;IFI27;NLRC5;CFB;LYSMD2;SAMD9L;PSMB8;RBCK1;IFIT2;USP18;ITGB7;ST8SIA4;CCL5;HLA-DRB1;LCP2;PSMB10;PSMA2;RTP4
HALLMARK_INFLAMMATORY_RESPONSE	-1.3028888353208605	0.03156852643169581	199	0.021466597973553152	-0.35161825279620207	124	GPC3;LPAR1;CX3CL1;ADM;PDPN;IL1R1;SLC4A4;MYC;GP1BA;BEST1;NMUR1;ACVR2A;CALCRL;IL6;HAS2;MARCO;STAB1;PTGER4;SCN1B;ABCA1;TNFRSF1B;GABBR1;TACR1;HRH1;AXL;NLRP3;CSF3;DCBLD2;CSF1;F3;FZD5;KCNJ2;CHST2;OSMR;IL15RA;NAMPT;KLF6;EDN1;BTG2;ATP2B1;PDE4B;CCL2;AHR;ITGB8;EMP3;MET;PVR;IL4R;APLNR;SCARF1;TLR3;ITGA5;CDKN1A;SELE;PTPRE;CD40;ITGB3;CD14;CMKLR1;HBEGF;CXCL6;ADORA2B;KIF1B;PTGER2;SLC28A2;CD69;IRF1
HALLMARK_HEDGEHOG_SIGNALING	-1.478734670706835	0.041694096993636166	36	0.029185867895545316	-0.5158604499804967	151	CNTFR;DPYSL2;CRMP1;NRP1;AMOT;HEY2;GLI1;ETS2;RTN1;PTCH1;VLDLR;RASA1;OPHN1;TLE1;PML;HEY1;THY1;ACHE;SLIT1
HALLMARK_ANGIOGENESIS	-1.4515393128363383	0.050936593275302956	36	0.03667434715821813	-0.506373278396328	190	LPL;FSTL1;CCND2;FGFR1;KCNJ8;PDGFA;NRP1;TNFRSF21;MSX1;THBD;S100A4;APP;SLCO2A1
HALLMARK_IL6_JAK_STAT3_SIGNALING	-1.3218355880619093	0.06466792661741405	87	0.049147624229234674	-0.3961702327061467	270	CD36;CNTFR;ACVRL1;JUN;LEPR;SOCS3;IL1R1;PLA2G2A;IL6;TNFRSF21;TNFRSF1B;A2M;PIM1;CSF1;IL3RA;CXCL1;CXCL3;OSMR;IL15RA;IFNGR1;TNFRSF1A;IL4R;IL6ST;ITGB3;CD14;PDGFC;CSF2RB;IL1R2;IRF1;LTB;SOCS1;MAP3K8;CXCL13;IL7;CD38
HALLMARK_WNT_BETA_CATENIN_SIGNALING	-1.392769655114598	0.06466792661741405	42	0.04812428950359985	-0.47119224580184405	253	CCND2;TCF7;NOTCH4;NKD1;MYC;HEY2;GNAI1;KAT2A;AXIN2;PTCH1;NUMB;FZD1;DLL1;HDAC5;ADAM17;WNT6;NOTCH1;RBPJ;HEY1;WNT5B;JAG1;CSNK1E
HALLMARK_P53_PATHWAY	-1.1870874472950073	0.11506437863027011	200	0.08975021533161068	-0.320300260510286	520	KLF4;TSPYL2;ZBTB16;KRT17;INHBB;BMP2;CCND2;TXNIP;ZFP36L1;JUN;SESN1;CEBPA;TP63;PPP1R15A;CD81;PDGFA;EPHA2;NUPR1;RETSAT;FOS;TCN2;FBXW7;S100A4;BTG1;OSGIN1;FOXO3;CTSF;PTPN14;CLCA2;GADD45A;STOM;RRAD;PITPNC1;COQ8A;BTG2;VWA5A;PHLDA3;APP;BLCAP;RALGDS;MXD4;ISCU;KLK8;SERPINB5;RPL18;RRP8;PROCR;CDKN1A;RPL36;ITGB4;EPHX1;PTPRE;NOTCH1;XPC;HBEGF
HALLMARK_NOTCH_SIGNALING	-1.2993108304454115	0.13410053929121726	32	0.1072804314329738	-0.46400151616284013	556	DTX1;TCF7L2;MAML2;DTX4;KAT2A;ARRB1;FZD7;FZD5;FZD1;NOTCH2;DLL1;PRKCA;SKP1;NOTCH1;WNT2
HALLMARK_ALLOGRAFT_REJECTION	1.0981990557330958	0.22862135085151525	200	0.1920419347152728	0.2858818713159107	805	INHBA;TPD52;STAT1;CAPG;TRAF2;TAPBP;IL18;TAP1;NME1;CXCL9;BRCA1;FYB1;HIF1A;RARS1;IGSF6;PTPN6;B2M;RIPK2;GALNT1;MRPL3;UBE2D1;CD80;CCR5;ABCE1;UBE2N;EIF3J;HLA-DRA;HLA-DQA1;NPM1;AKT1;IL2RB;TNF;CD2;ABI1;BCL10;CSK;IL11;MAP3K7;HLA-DOA;MMP9;CD8B;GPR65;ST8SIA4;CCL5;LCP2;PSMB10;DEGS1;CCL11;IFNGR2;IKBKB;GLMN;IL1B;GZMA;TRAT1;TLR1;WARS1;IFNG;MTIF2;DARS1;ITGB2;IL10;EIF3A;TLR6;LYN;CCL4;IL12RB1;NCK1;HLA-A;AARS1
HALLMARK_UV_RESPONSE_UP	1.1084853948559341	0.22862135085151525	157	0.18782081194587028	0.2968654045560033	804	FKBP4;H2AX;TARS1;CYB5R1;STIP1;CASP3;NAT1;RPN1;RET;GRPEL1;FEN1;ALDOA;TAP1;E2F5;EPCAM;NUP58;ATP6V1C1;TMBIM6;HSPA2;TFRC;CDK2;MARK2;SPR;CHRNA5;BAK1;PPT1;DNAJA1;ASNS;PPP1R2;EIF2S3;RFC4;HNRNPU;YKT6;MAPK8IP2;PPAT;POLE3;STARD3;GCH1;GGH;AP2S1;POLG2;PPIF;POLR2H;AGO2;PDAP1;SQSTM1;FGF18;BCL2L11;AMD1;ATP6V1F;CCNE1;ENO2;TACR3;CDC34;PSMC3;CA2;GRINA;SLC6A8;DDX21;CTSV
HALLMARK_HEME_METABOLISM	-1.1080016654311717	0.23666352725252968	195	0.2035306334371755	-0.30014981569060545	1175	ALDH1L1;TNS1;CAT;ACKR1;GYPC;TNRC6B;NR3C1;EZH1;TAL1;FBXO7;SEC14L1;DMTN;C3;MXI1;LMO2;PC;SIDT2;KAT2B;CLIC2;ATP6V0A1;GYPE;ABCG2;SNCA;RHAG;ALDH6A1;AGPAT4;ADD1;FOXO3;MPP1;TFDP2;UROD;ELL2;SLC25A37;CA1;BTG2;ADD2;BNIP3L;DAAM1;SPTB;KHNYN;NUDT4;SLC66A2;SELENBP1;RBM5;RHD;SMOX;MAP2K3
HALLMARK_PANCREAS_BETA_CELLS	-1.1547382515140943	0.25262105117947303	39	0.22230652503793627	-0.39574345063324157	1171	STXBP1;FOXO1;PCSK1;PAK3;DPP4;LMO2;DCX
HALLMARK_ANDROGEN_RESPONSE	1.0763043850651086	0.3096253085034777	101	0.2786627776531299	0.3056828631684169	1241	TPD52;KRT19;ABHD2;MAP7;ITGAV;HMGCS1;SORD;SMS;IDI1;DHCR24;BMPR1B;RAB4A;KRT8;NKX3-1;GNAI3;GSR;DNAJB9;CCND1;ADRM1;HMGCR;ABCC4;NGLY1;B2M;SPDEF;SPCS3
HALLMARK_PEROXISOME	-1.0588520434787363	0.3419584310894544	103	0.3282800938458762	-0.3099650759290746	1818	CAT;ABCD2;ALDH1A1;ECH1;CRABP1;DHRS3;ABCB1;RETSAT;ACSL4;MLYCD;ESR2;SLC23A2;ACSL1;ACSL5;ALB;ERCC1;LONP2;HSD17B11;DLG4;ITGB1BP1
HALLMARK_REACTIVE_OXYGEN_SPECIES_PATHWAY	1.0642910535990773	0.3419584310894544	48	0.32509059901939885	0.3425612493675102	1524	PRDX1;NDUFB4;PTPA;TXN;TXNRD1;OXSR1;NQO1;GSR;SELENOS;ATOX1;PRDX2;ERCC2;G6PD;GLRX2;PRDX4;ABCC1;SOD1
HALLMARK_TGF_BETA_SIGNALING	-1.0745472233487565	0.3419584310894544	54	0.3206883789785344	-0.34741896908050807	1732	CDKN1C;SPTBN1;BMP2;PPP1R15A;SKI;ID1;LTBP2;ENG;WWTR1;JUNB;CDK9;SMAD3;KLF10;TJP1;APC;UBE2D3;ID3;BMPR1A;SMAD6;ACVR1
HALLMARK_APICAL_SURFACE	-1.0617402968874974	0.35359141754838114	44	0.3465195891974135	-0.35662438623645704	1821	SRPX;SLC2A4;CX3CL1;GAS1;EFNA5;DCBLD2;TMEM8B;APP;AFAP1L2;GSTM3;MDGA1;CROCC;AKAP7;CD160;MAL;THY1
HALLMARK_CHOLESTEROL_HOMEOSTASIS	-1.021069988440618	0.3974335472043996	74	0.3974335472043996	-0.313928242853735	2167	LPL;PPARG;ANTXR2;AVPR1A;GSTM2;ACSS2;ECH1;PNRC1;CLU;ERRFI1;LGALS3;NFIL3;GNAI1;ALDOC;ADH4;TM7SF2;LGMN;NIBAN1;SCD;FABP5;ANXA5
